{
    "polygon_coords": [
        [-43.38908900529259, -21.757677789091943],
        [-43.38856156095832, -21.758591325934844],
        [-43.388233690156085, -21.760113874420398],
        [-43.3882907111651, -21.76176880010881],
        [-43.38803411662403, -21.763383989181023],
        [-43.38733560926278, -21.76529041846655],
        [-43.386779654423975, -21.765793499747815],
        [-43.38518306616942, -21.765714065978543],
        [-43.384213709014915, -21.764125381356422],
        [-43.38435626153736, -21.763357510818295],
        [-43.38449881406041, -21.76249696136712],
        [-43.38465562183512, -21.76166288543648],
        [-43.38525434243067, -21.75876344092022],
        [-43.385396894953715, -21.757518912525086],
        [-43.385667744746456, -21.7570555215366],
        [-43.38670837816278, -21.756751006643853],
        [-43.38908900529259, -21.757677789091943]
    ],
    "no_inicio": 3503367399,
    "no_fim": 3379729736,
    "custo_litro": 6.49,
    "km_por_litro": 7.00,
    "solver_timelimit_segundos": 600
}